Country,Response_measure,change,date_start,date_end,
,Austria,AdaptationOfWorkplace,1,3/10/2020,NA
,Austria,ClosDaycare,1,3/16/2020,5/4/2020
,Austria,ClosHigh,1,3/16/2020,9/30/2020
,Austria,ClosPrim,1,3/16/2020,5/18/2020
,Austria,ClosPubAny,1,3/16/2020,4/13/2020
,Austria,ClosPubAnyPartial,1,4/14/2020,NA
,Austria,ClosSec,1,3/16/2020,5/3/2020
,Austria,ClosSecPartial,1,5/4/2020,6/3/2020
,Austria,EntertainmentVenues,1,3/16/2020,4/30/2020
,Austria,EntertainmentVenuesPartial,1,5/1/2020,5/29/2020
,Austria,GymsSportsCentres,1,3/16/2020,4/30/2020
,Austria,GymsSportsCentresPartial,1,5/1/2020,5/29/2020
,Austria,HotelsOtherAccommodation,1,3/31/2020,5/29/2020
,Austria,IndoorOver100,1,3/10/2020,3/15/2020
,Austria,IndoorOver100,3,5/1/2020,7/1/2020
,Austria,IndoorOver1000,1,7/2/2020,7/31/2020
,Austria,IndoorOver1000,3,9/21/2020,NA
,Austria,IndoorOver5,1,3/16/2020,4/30/2020
,Austria,MasksMandatoryAllSpaces,1,9/14/2020,NA
,Austria,MasksMandatoryClosedSpaces,1,4/6/2020,6/14/2020
,Austria,MasksMandatoryClosedSpacesPartial,1,6/15/2020,9/13/2020
,Austria,MasksVoluntaryClosedSpacesPartial,1,3/31/2020,4/5/2020
,Austria,MassGatherAll,1,3/10/2020,7/31/2020
,Austria,MassGatherAll,3,9/21/2020,NA
,Austria,NonEssentialShops,1,3/16/2020,4/13/2020
,Austria,NonEssentialShopsPartial,1,4/14/2020,5/1/2020
,Austria,OutdoorOver1000,1,7/2/2020,7/31/2020
,Austria,OutdoorOver1000,3,9/21/2020,NA
,Austria,OutdoorOver5,1,3/16/2020,4/30/2020
,Austria,OutdoorOver50,1,5/1/2020,5/29/2020
,Austria,OutdoorOver500,1,3/10/2020,3/15/2020
,Austria,OutdoorOver500,3,5/30/2020,7/1/2020
,Austria,PlaceOfWorship,1,3/16/2020,5/14/2020
,Austria,PlaceOfWorshipPartial,1,5/15/2020,NA
,Austria,RestaurantsCafes,1,3/16/2020,5/15/2020
,Austria,StayHomeGen,1,3/10/2020,3/15/2020
,Austria,StayHomeOrder,1,3/16/2020,4/30/2020
,Austria,Teleworking,1,3/10/2020,NA
,Belgium,ClosDaycare,1,5/1/2020,6/2/2020
,Belgium,ClosHigh,1,3/13/2020,NA
,Belgium,ClosPrim,1,3/13/2020,5/17/2020
,Belgium,ClosPrimPartial,1,5/18/2020,6/8/2020
,Belgium,ClosPubAny,1,3/13/2020,5/3/2020
,Belgium,ClosPubAnyPartial,1,5/4/2020,NA
,Belgium,ClosSec,1,3/13/2020,5/17/2020
,Belgium,ClosSecPartial,1,5/18/2020,8/28/2020
,Belgium,EntertainmentVenues,1,3/13/2020,5/17/2020
,Belgium,EntertainmentVenuesPartial,1,5/18/2020,NA
,Belgium,GymsSportsCentres,1,3/13/2020,5/3/2020
,Belgium,GymsSportsCentresPartial,1,5/4/2020,7/1/2020
,Belgium,IndoorOver1000,1,3/10/2020,3/17/2020
,Belgium,IndoorOver5,1,3/18/2020,6/30/2020
,Belgium,IndoorOver500,1,7/1/2020,NA
,Belgium,MasksMandatoryAllSpaces,1,7/11/2020,9/30/2020
,Belgium,MasksMandatoryClosedSpaces,1,5/4/2020,NA
,Belgium,MasksVoluntaryAllSpaces,1,5/4/2020,7/10/2020
,Belgium,MasksVoluntaryAllSpacesPartial,1,10/1/2020,NA
,Belgium,MassGatherAll,1,3/10/2020,NA
,Belgium,NonEssentialShops,1,3/13/2020,5/3/2020
,Belgium,NonEssentialShopsPartial,1,5/4/2020,6/2/2020
,Belgium,OutdoorOver5,1,3/18/2020,6/30/2020
,Belgium,OutdoorOver500,1,7/1/2020,NA
,Belgium,PlaceOfWorship,1,3/13/2020,6/7/2020
,Belgium,PlaceOfWorshipPartial,1,6/8/2020,10/5/2020
,Belgium,RestaurantsCafes,1,3/13/2020,6/8/2020
,Belgium,SocialCircle,1,3/18/2020,NA
,Belgium,StayHomeGenPartial,1,5/11/2020,8/31/2020
,Belgium,StayHomeOrder,1,3/18/2020,5/10/2020
,Belgium,Teleworking,1,3/10/2020,6/7/2020
,Belgium,TeleworkingPartial,1,6/8/2020,NA
,Bulgaria,ClosDaycare,1,3/13/2020,5/21/2020
,Bulgaria,ClosDaycarePartial,1,5/22/2020,6/14/2020
,Bulgaria,ClosHigh,1,3/13/2020,5/31/2020
,Bulgaria,ClosHighPartial,1,6/1/2020,NA
,Bulgaria,ClosPrim,1,3/13/2020,NA
,Bulgaria,ClosPubAny,1,3/13/2020,5/17/2020
,Bulgaria,ClosPubAnyPartial,1,5/18/2020,NA
,Bulgaria,ClosSec,1,3/13/2020,NA
,Bulgaria,EntertainmentVenues,1,3/13/2020,5/17/2020
,Bulgaria,EntertainmentVenuesPartial,1,5/18/2020,NA
,Bulgaria,GymsSportsCentres,1,3/13/2020,5/31/2020
,Bulgaria,GymsSportsCentresPartial,1,6/1/2020,6/14/2020
,Bulgaria,IndoorOver5,1,3/13/2020,6/30/2020
,Bulgaria,MasksMandatoryAllSpaces,1,3/30/2020,3/31/2020
,Bulgaria,MasksMandatoryAllSpaces,3,4/12/2020,6/14/2020
,Bulgaria,MasksMandatoryAllSpacesPartial,1,6/15/2020,NA
,Bulgaria,MassGatherAllPartial,1,3/13/2020,6/30/2020
,Bulgaria,NonEssentialShops,1,3/13/2020,5/17/2020
,Bulgaria,NonEssentialShopsPartial,1,5/18/2020,NA
,Bulgaria,OutdoorOver5,1,3/13/2020,6/30/2020
,Bulgaria,RestaurantsCafes,1,3/13/2020,5/31/2020
,Bulgaria,RestaurantsCafesPartial,1,6/1/2020,NA
,Bulgaria,StayHomeRiskG,1,3/17/2020,NA
,Bulgaria,Teleworking,1,3/13/2020,NA
,Croatia,ClosDaycare,1,3/16/2020,5/11/2020
,Croatia,ClosHigh,1,3/16/2020,NA
,Croatia,ClosPrim,1,3/16/2020,5/10/2020
,Croatia,ClosPrimPartial,1,5/11/2020,5/25/2020
,Croatia,ClosPubAny,1,3/19/2020,5/28/2020
,Croatia,ClosPubAnyPartial,1,8/14/2020,9/22/2020
,Croatia,ClosSec,1,3/16/2020,NA
,Croatia,ClosureOfPublicTransport,1,3/22/2020,4/27/2020
,Croatia,EntertainmentVenues,1,3/19/2020,5/28/2020
,Croatia,GymsSportsCentres,1,3/19/2020,5/11/2020
,Croatia,IndoorOver5,1,3/19/2020,NA
,Croatia,MasksMandatoryAllSpaces,1,2/28/2020,NA
,Croatia,MasksMandatoryClosedSpacesPartial,1,6/25/2020,NA
,Croatia,MassGatherAll,1,3/19/2020,8/23/2020
,Croatia,MassGatherAllPartial,1,8/24/2020,NA
,Croatia,NonEssentialShops,1,3/19/2020,4/27/2020
,Croatia,OutdoorOver5,1,3/19/2020,5/17/2020
,Croatia,OutdoorOver50,1,5/18/2020,5/27/2020
,Croatia,OutdoorOver50,3,8/24/2020,NA
,Croatia,RestaurantsCafes,1,3/19/2020,5/11/2020
,Croatia,RestaurantsCafesPartial,1,8/14/2020,9/22/2020
,Croatia,StayHomeGen,1,3/17/2020,5/5/2020
,Croatia,StayHomeRiskG,1,3/3/2020,NA
,Croatia,Teleworking,1,3/19/2020,5/27/2020
,Cyprus,ClosDaycare,1,3/10/2020,6/9/2020
,Cyprus,ClosHigh,1,3/10/2020,5/11/2020
,Cyprus,ClosPrim,1,3/10/2020,5/21/2020
,Cyprus,ClosPubAny,1,3/13/2020,5/3/2020
,Cyprus,ClosPubAnyPartial,1,5/4/2020,6/29/2020
,Cyprus,ClosSec,1,3/10/2020,5/10/2020
,Cyprus,ClosSecPartial,1,5/11/2020,5/21/2020
,Cyprus,EntertainmentVenues,1,3/16/2020,5/20/2020
,Cyprus,EntertainmentVenuesPartial,1,5/21/2020,6/29/2020
,Cyprus,GymsSportsCentres,1,3/13/2020,5/3/2020
,Cyprus,GymsSportsCentresPartial,1,5/4/2020,6/13/2020
,Cyprus,HotelsOtherAccommodation,1,3/16/2020,5/3/2020
,Cyprus,HotelsOtherAccommodationPartial,1,5/4/2020,6/9/2020
,Cyprus,IndoorOver100,1,7/12/2020,NA
,Cyprus,IndoorOver50,1,3/10/2020,7/11/2020
,Cyprus,MasksMandatoryClosedSpaces,1,5/4/2020,NA
,Cyprus,MassGatherAll,1,3/10/2020,NA
,Cyprus,NonEssentialShops,1,3/16/2020,5/3/2020
,Cyprus,NonEssentialShopsPartial,1,5/4/2020,6/9/2020
,Cyprus,OutdoorOver100,1,7/12/2020,NA
,Cyprus,OutdoorOver5,1,3/10/2020,6/24/2020
,Cyprus,OutdoorOver50,1,6/25/2020,7/11/2020
,Cyprus,PlaceOfWorship,1,3/16/2020,5/3/2020
,Cyprus,PlaceOfWorshipPartial,1,5/4/2020,6/1/2020
,Cyprus,RestaurantsCafes,1,3/16/2020,5/20/2020
,Cyprus,RestaurantsCafesPartial,1,5/21/2020,6/9/2020
,Cyprus,StayHomeOrder,1,3/24/2020,5/3/2020
,Cyprus,StayHomeOrderPartial,1,5/4/2020,5/21/2020
,Cyprus,WorkplaceClosures,1,3/16/2020,4/14/2020
,Cyprus,WorkplaceClosuresPartial,1,4/15/2020,6/29/2020
,Czechia,AdaptationOfWorkplace,1,3/24/2020,5/11/2020
,Czechia,ClosDaycare,1,3/11/2020,5/11/2020
,Czechia,ClosHigh,1,3/11/2020,5/10/2020
,Czechia,ClosHighPartial,1,5/11/2020,8/31/2020
,Czechia,ClosPrim,1,3/11/2020,6/7/2020
,Czechia,ClosPrimPartial,1,6/8/2020,8/31/2020
,Czechia,ClosPubAnyPartial,1,3/10/2020,NA
,Czechia,ClosSec,1,3/11/2020,6/7/2020
,Czechia,ClosSecPartial,1,6/8/2020,8/31/2020
,Czechia,EntertainmentVenuesPartial,1,3/13/2020,NA
,Czechia,GymsSportsCentres,1,3/13/2020,4/26/2020
,Czechia,GymsSportsCentresPartial,1,4/27/2020,NA
,Czechia,IndoorOver5,1,3/23/2020,4/20/2020
,Czechia,IndoorOver50,1,3/12/2020,3/22/2020
,Czechia,IndoorOver50,3,4/21/2020,5/11/2020
,Czechia,IndoorOver500,1,3/4/2020,3/11/2020
,Czechia,IndoorOver500,3,9/1/2020,NA
,Czechia,MasksMandatoryAllSpaces,1,3/19/2020,5/10/2020
,Czechia,MasksMandatoryAllSpacesPartial,1,5/11/2020,7/3/2020
,Czechia,MasksMandatoryClosedSpaces,1,7/25/2020,NA
,Czechia,MasksVoluntaryAllSpaces,1,7/4/2020,8/31/2020
,Czechia,MassGatherAll,1,3/4/2020,5/11/2020
,Czechia,MassGatherAll,3,9/1/2020,NA
,Czechia,NonEssentialShops,1,3/14/2020,5/11/2020
,Czechia,OutdoorOver1000,1,9/1/2020,NA
,Czechia,OutdoorOver5,1,3/23/2020,4/20/2020
,Czechia,OutdoorOver50,1,3/12/2020,3/22/2020
,Czechia,OutdoorOver50,3,4/21/2020,5/11/2020
,Czechia,OutdoorOver500,1,3/4/2020,3/11/2020
,Czechia,PlaceOfWorshipPartial,1,3/10/2020,NA
,Czechia,RestaurantsCafes,1,3/14/2020,5/11/2020
,Czechia,StayHomeOrder,1,3/16/2020,4/24/2020
,Denmark,AdaptationOfWorkplace,1,5/8/2020,5/19/2020
,Denmark,AdaptationOfWorkplacePartial,1,5/20/2020,NA
,Denmark,ClosDaycare,1,3/16/2020,4/15/2020
,Denmark,ClosHigh,1,3/16/2020,7/31/2020
,Denmark,ClosPrim,1,3/16/2020,4/15/2020
,Denmark,ClosPubAny,1,3/18/2020,4/20/2020
,Denmark,ClosPubAnyPartial,1,4/21/2020,NA
,Denmark,ClosSec,1,3/16/2020,5/18/2020
,Denmark,EntertainmentVenues,1,3/18/2020,6/8/2020
,Denmark,GymsSportsCentres,1,3/18/2020,6/8/2020
,Denmark,IndoorOver100,1,3/14/2020,3/17/2020
,Denmark,IndoorOver5,1,3/18/2020,6/8/2020
,Denmark,IndoorOver50,1,6/9/2020,8/31/2020
,Denmark,MasksMandatoryClosedSpaces,1,8/22/2020,NA
,Denmark,MasksVoluntaryAllSpacesPartial,1,7/9/2020,NA
,Denmark,MassGatherAll,1,3/14/2020,6/14/2020
,Denmark,MassGatherAllPartial,1,6/15/2020,NA
,Denmark,NonEssentialShops,1,3/18/2020,4/20/2020
,Denmark,NonEssentialShopsPartial,1,4/21/2020,NA
,Denmark,OutdoorOver100,1,6/15/2020,NA
,Denmark,OutdoorOver5,1,3/18/2020,6/8/2020
,Denmark,OutdoorOver500,1,6/9/2020,6/14/2020
,Denmark,PlaceOfWorship,1,3/18/2020,5/18/2020
,Denmark,RestaurantsCafes,1,3/18/2020,5/18/2020
,Denmark,RestaurantsCafes,3,8/21/2020,9/16/2020
,Denmark,RestaurantsCafesPartial,1,9/17/2020,NA
,Denmark,StayHomeRiskG,1,3/14/2020,NA
,Denmark,Teleworking,1,3/13/2020,6/14/2020
,Denmark,TeleworkingPartial,1,6/15/2020,NA
,Denmark,WorkplaceClosures,1,3/13/2020,5/10/2020
,Estonia,ClosHigh,1,3/16/2020,5/17/2020
,Estonia,ClosPrim,1,3/16/2020,5/17/2020
,Estonia,ClosPubAny,1,3/12/2020,5/16/2020
,Estonia,ClosPubAnyPartial,1,5/17/2020,7/1/2020
,Estonia,ClosSec,1,3/16/2020,5/17/2020
,Estonia,EntertainmentVenues,1,3/12/2020,5/16/2020
,Estonia,EntertainmentVenuesPartial,1,5/17/2020,7/1/2020
,Estonia,GymsSportsCentres,1,3/16/2020,5/17/2020
,Estonia,IndoorOver100,1,6/1/2020,7/14/2020
,Estonia,IndoorOver1000,1,7/15/2020,7/31/2020
,Estonia,IndoorOver5,1,3/12/2020,5/17/2020
,Estonia,IndoorOver50,1,5/18/2020,5/31/2020
,Estonia,IndoorOver500,1,9/29/2020,NA
,Estonia,MasksVoluntaryAllSpaces,1,3/12/2020,5/16/2020
,Estonia,MasksVoluntaryAllSpacesPartial,1,5/17/2020,7/31/2020
,Estonia,MassGatherAll,1,3/12/2020,5/31/2020
,Estonia,MassGatherAll,3,8/1/2020,NA
,Estonia,MassGatherAllPartial,1,6/1/2020,7/31/2020
,Estonia,NonEssentialShops,1,3/27/2020,5/17/2020
,Estonia,OutdoorOver100,1,5/18/2020,6/30/2020
,Estonia,OutdoorOver1000,1,7/1/2020,NA
,Estonia,OutdoorOver5,1,3/12/2020,5/17/2020
,Estonia,PlaceOfWorship,1,3/12/2020,5/10/2020
,Estonia,StayHomeGen,1,3/12/2020,5/17/2020
,Estonia,Teleworking,1,3/16/2020,NA
,Finland,ClosHigh,1,3/18/2020,8/4/2020
,Finland,ClosPrim,1,3/18/2020,5/14/2020
,Finland,ClosPubAny,1,3/18/2020,5/31/2020
,Finland,ClosPubAnyPartial,1,6/1/2020,NA
,Finland,ClosSec,1,3/18/2020,8/4/2020
,Finland,EntertainmentVenues,1,3/18/2020,5/31/2020
,Finland,EntertainmentVenuesPartial,1,6/1/2020,NA
,Finland,GymsSportsCentres,1,3/18/2020,6/1/2020
,Finland,IndoorOver50,1,3/18/2020,7/31/2020
,Finland,IndoorOver500,1,3/12/2020,3/17/2020
,Finland,IndoorOver500,3,8/1/2020,NA
,Finland,MasksVoluntaryClosedSpaces,1,9/18/2020,NA
,Finland,MasksVoluntaryClosedSpacesPartial,1,8/13/2020,9/17/2020
,Finland,MassGatherAll,1,3/12/2020,6/30/2020
,Finland,MassGatherAllPartial,1,7/1/2020,NA
,Finland,OutdoorOver50,1,3/18/2020,7/31/2020
,Finland,OutdoorOver500,1,3/12/2020,3/17/2020
,Finland,OutdoorOver500,3,8/1/2020,NA
,Finland,RestaurantsCafes,1,3/18/2020,5/31/2020
,Finland,RestaurantsCafesPartial,1,6/1/2020,7/13/2020
,Finland,RestaurantsCafesPartial,3,10/1/2020,NA
,Finland,StayHomeRiskG,1,3/16/2020,6/22/2020
,Finland,StayHomeRiskGPartial,1,6/23/2020,NA
,Finland,Teleworking,1,3/18/2020,8/1/2020
,Finland,TeleworkingPartial,1,8/13/2020,NA
,France,ClosDaycare,1,3/16/2020,6/1/2020
,France,ClosDaycarePartial,1,6/2/2020,6/22/2020
,France,ClosHighPartial,1,3/16/2020,6/22/2020
,France,ClosPrimPartial,1,3/16/2020,6/22/2020
,France,ClosPubAny,1,3/16/2020,5/10/2020
,France,ClosPubAnyPartial,1,5/11/2020,6/22/2020
,France,ClosSec,1,3/16/2020,5/10/2020
,France,ClosSecPartial,1,5/11/2020,6/22/2020
,France,EntertainmentVenues,1,3/16/2020,6/1/2020
,France,EntertainmentVenuesPartial,1,6/2/2020,6/22/2020
,France,GymsSportsCentres,1,3/16/2020,6/22/2020
,France,IndoorOver1000,1,2/29/2020,NA
,France,MasksMandatoryClosedSpaces,1,5/18/2020,NA
,France,MasksVoluntaryAllSpaces,1,5/11/2020,7/25/2020
,France,MasksVoluntaryClosedSpaces,1,5/11/2020,5/17/2020
,France,MassGatherAll,1,2/29/2020,9/17/2020
,France,MassGatherAllPartial,1,9/18/2020,NA
,France,NonEssentialShops,1,3/16/2020,5/10/2020
,France,NonEssentialShopsPartial,1,5/11/2020,6/2/2020
,France,OutdoorOver1000,1,3/13/2020,3/16/2020
,France,OutdoorOver1000,3,6/16/2020,7/11/2020
,France,OutdoorOver5,1,3/17/2020,6/15/2020
,France,OutdoorOver50,1,9/18/2020,NA
,France,RestaurantsCafes,1,3/16/2020,6/1/2020
,France,RestaurantsCafesPartial,1,6/2/2020,6/15/2020
,France,StayHomeOrder,1,3/17/2020,5/11/2020
,France,StayHomeOrderPartial,1,5/12/2020,6/2/2020
,France,Teleworking,1,3/17/2020,5/10/2020
,France,TeleworkingPartial,1,5/11/2020,NA
,France,WorkplaceClosures,1,3/17/2020,5/11/2020
,Germany,ClosDaycare,1,3/13/2020,5/14/2020
,Germany,ClosDaycarePartial,1,5/15/2020,7/1/2020
,Germany,ClosPrim,1,3/13/2020,5/3/2020
,Germany,ClosPrimPartial,1,5/4/2020,6/29/2020
,Germany,ClosPubAny,1,3/16/2020,5/4/2020
,Germany,ClosPubAnyPartial,1,5/5/2020,NA
,Germany,ClosSec,1,3/13/2020,5/3/2020
,Germany,ClosSecPartial,1,5/4/2020,6/15/2020
,Germany,EntertainmentVenues,1,3/16/2020,5/4/2020
,Germany,EntertainmentVenuesPartial,1,5/5/2020,NA
,Germany,GymsSportsCentres,1,3/16/2020,5/14/2020
,Germany,IndoorOver100,1,6/30/2020,9/28/2020
,Germany,IndoorOver1000,1,3/8/2020,3/22/2020
,Germany,IndoorOver50,1,3/23/2020,6/29/2020
,Germany,IndoorOver50,3,9/29/2020,NA
,Germany,MasksMandatoryClosedSpacesPartial,1,4/27/2020,NA
,Germany,MasksVoluntaryAllSpaces,1,4/2/2020,4/27/2020
,Germany,MassGatherAll,1,3/8/2020,5/10/2020
,Germany,MassGatherAllPartial,1,5/11/2020,NA
,Germany,NonEssentialShops,1,3/16/2020,4/20/2020
,Germany,OutdoorOver100,1,6/30/2020,NA
,Germany,OutdoorOver5,1,3/23/2020,6/29/2020
,Germany,RestaurantsCafes,1,3/23/2020,5/4/2020
,Germany,RestaurantsCafesPartial,1,5/5/2020,6/8/2020
,Germany,SocialCirclePartial,1,8/2/2020,NA
,Germany,StayHomeGen,1,3/17/2020,5/5/2020
,Germany,StayHomeGenPartial,1,5/6/2020,6/29/2020
,Greece,ClosDaycare,1,3/11/2020,6/1/2020
,Greece,ClosHigh,1,3/11/2020,5/24/2020
,Greece,ClosHighPartial,1,5/25/2020,NA
,Greece,ClosPrim,1,3/11/2020,6/1/2020
,Greece,ClosPubAny,1,3/14/2020,5/3/2020
,Greece,ClosPubAnyPartial,1,5/4/2020,NA
,Greece,ClosSec,1,3/11/2020,5/10/2020
,Greece,ClosSecPartial,1,5/11/2020,5/18/2020
,Greece,EntertainmentVenues,1,3/14/2020,5/17/2020
,Greece,EntertainmentVenuesPartial,1,5/18/2020,6/15/2020
,Greece,EntertainmentVenuesPartial,3,7/13/2020,NA
,Greece,GymsSportsCentres,1,3/14/2020,6/5/2020
,Greece,GymsSportsCentresPartial,1,6/6/2020,6/15/2020
,Greece,HotelsOtherAccommodation,1,3/15/2020,5/24/2020
,Greece,HotelsOtherAccommodationPartial,1,5/25/2020,7/1/2020
,Greece,IndoorOver100,1,8/9/2020,NA
,Greece,IndoorOver5,1,3/19/2020,5/3/2020
,Greece,MasksMandatoryClosedSpaces,1,4/28/2020,NA
,Greece,MasksVoluntaryClosedSpaces,1,4/28/2020,8/7/2020
,Greece,MassGatherAll,1,3/19/2020,5/3/2020
,Greece,MassGatherAll,3,8/9/2020,NA
,Greece,NonEssentialShops,1,3/14/2020,5/3/2020
,Greece,NonEssentialShopsPartial,1,5/4/2020,6/1/2020
,Greece,OutdoorOver100,1,8/9/2020,NA
,Greece,OutdoorOver5,1,3/19/2020,5/3/2020
,Greece,PlaceOfWorship,1,3/14/2020,5/16/2020
,Greece,PlaceOfWorshipPartial,1,5/17/2020,6/5/2020
,Greece,RestaurantsCafes,1,3/14/2020,5/31/2020
,Greece,RestaurantsCafesPartial,1,6/1/2020,NA
,Greece,StayHomeGen,1,2/27/2020,3/22/2020
,Greece,StayHomeOrder,1,3/23/2020,5/4/2020
,Greece,StayHomeRiskG,1,3/11/2020,NA
,Greece,Teleworking,1,3/19/2020,NA
,Hungary,ClosDaycare,1,3/25/2020,6/2/2020
,Hungary,ClosHigh,1,3/25/2020,5/18/2020
,Hungary,ClosPrim,1,3/16/2020,6/1/2020
,Hungary,ClosPrimPartial,1,6/2/2020,6/26/2020
,Hungary,ClosPubAny,1,3/13/2020,5/18/2020
,Hungary,ClosPubAny,3,9/21/2020,NA
,Hungary,ClosSec,1,3/16/2020,6/1/2020
,Hungary,ClosSecPartial,1,6/2/2020,6/26/2020
,Hungary,EntertainmentVenues,1,3/13/2020,5/18/2020
,Hungary,EntertainmentVenues,3,9/21/2020,NA
,Hungary,IndoorOver100,1,3/11/2020,3/15/2020
,Hungary,IndoorOver5,1,3/16/2020,6/11/2020
,Hungary,MasksMandatoryClosedSpaces,1,5/4/2020,NA
,Hungary,MassGatherAll,1,3/11/2020,6/11/2020
,Hungary,NonEssentialShops,1,3/28/2020,5/18/2020
,Hungary,OutdoorOver5,1,3/16/2020,6/11/2020
,Hungary,RestaurantsCafes,1,3/28/2020,5/18/2020
,Hungary,StayHomeGen,1,3/21/2020,3/26/2020
,Hungary,StayHomeOrder,1,3/27/2020,5/18/2020
,Iceland,AdaptationOfWorkplace,1,3/16/2020,NA
,Iceland,ClosHigh,1,3/16/2020,5/4/2020
,Iceland,ClosPubAny,1,3/16/2020,5/3/2020
,Iceland,ClosPubAnyPartial,1,5/4/2020,6/15/2020
,Iceland,ClosPubAnyPartial,3,8/31/2020,NA
,Iceland,ClosSec,1,3/16/2020,5/4/2020
,Iceland,EntertainmentVenues,1,3/16/2020,5/3/2020
,Iceland,EntertainmentVenuesPartial,1,5/4/2020,5/25/2020
,Iceland,EntertainmentVenuesPartial,3,8/31/2020,NA
,Iceland,GymsSportsCentres,1,3/16/2020,5/17/2020
,Iceland,GymsSportsCentresPartial,1,5/18/2020,6/15/2020
,Iceland,IndoorOver100,1,3/16/2020,3/23/2020
,Iceland,IndoorOver100,3,7/31/2020,9/9/2020
,Iceland,IndoorOver50,1,3/24/2020,5/25/2020
,Iceland,IndoorOver500,1,5/26/2020,7/30/2020
,Iceland,IndoorOver500,3,9/10/2020,NA
,Iceland,MasksVoluntaryAllSpacesPartial,1,7/31/2020,NA
,Iceland,MassGatherAll,1,3/16/2020,5/24/2020
,Iceland,MassGatherAllPartial,1,5/25/2020,NA
,Iceland,OutdoorOver100,1,3/16/2020,3/23/2020
,Iceland,OutdoorOver100,3,7/31/2020,9/7/2020
,Iceland,OutdoorOver50,1,3/24/2020,5/25/2020
,Iceland,OutdoorOver500,1,5/26/2020,7/30/2020
,Iceland,OutdoorOver500,3,9/8/2020,NA
,Iceland,RestaurantsCafes,1,3/16/2020,5/25/2020
,Iceland,StayHomeRiskG,1,3/16/2020,NA
,Ireland,ClosDaycare,1,3/12/2020,6/29/2020
,Ireland,ClosHigh,1,3/12/2020,NA
,Ireland,ClosPrim,1,3/12/2020,8/24/2020
,Ireland,ClosPubAny,1,3/12/2020,3/26/2020
,Ireland,ClosPubAny,3,6/6/2020,6/29/2020
,Ireland,ClosPubAnyPartial,1,3/27/2020,6/5/2020
,Ireland,ClosPubAnyPartial,3,10/6/2020,NA
,Ireland,ClosSec,1,3/12/2020,8/31/2020
,Ireland,ClosureOfPublicTransportPartial,1,3/27/2020,6/5/2020
,Ireland,EntertainmentVenues,1,3/12/2020,6/29/2020
,Ireland,EntertainmentVenues,3,10/6/2020,NA
,Ireland,GymsSportsCentres,1,3/24/2020,6/29/2020
,Ireland,GymsSportsCentresPartial,1,10/6/2020,NA
,Ireland,IndoorOver100,1,3/12/2020,3/23/2020
,Ireland,IndoorOver5,1,3/24/2020,6/28/2020
,Ireland,IndoorOver50,1,6/29/2020,NA
,Ireland,MasksMandatoryClosedSpaces,1,6/29/2020,NA
,Ireland,MasksVoluntaryAllSpaces,1,5/18/2020,NA
,Ireland,MassGatherAll,1,3/12/2020,NA
,Ireland,NonEssentialShops,1,3/24/2020,6/29/2020
,Ireland,OutdoorOver5,1,3/24/2020,6/28/2020
,Ireland,OutdoorOver50,1,8/24/2020,NA
,Ireland,OutdoorOver500,1,3/12/2020,3/23/2020
,Ireland,OutdoorOver500,3,6/29/2020,8/23/2020
,Ireland,PlaceOfWorshipPartial,1,10/6/2020,NA
,Ireland,RestaurantsCafes,1,3/24/2020,6/29/2020
,Ireland,RestaurantsCafesPartial,1,10/6/2020,NA
,Ireland,StayHomeGen,1,3/24/2020,3/26/2020
,Ireland,StayHomeGen,3,5/18/2020,6/26/2020
,Ireland,StayHomeGenPartial,1,3/12/2020,3/23/2020
,Ireland,StayHomeOrder,1,3/27/2020,5/17/2020
,Ireland,StayHomeRiskG,1,3/12/2020,NA
,Ireland,Teleworking,1,3/12/2020,6/7/2020
,Ireland,TeleworkingPartial,1,6/8/2020,NA
,Italy,AdaptationOfWorkplace,1,3/10/2020,NA
,Italy,ClosDaycare,1,3/10/2020,6/10/2020
,Italy,ClosDaycarePartial,1,3/4/2020,3/9/2020
,Italy,ClosDaycarePartial,3,6/11/2020,9/14/2020
,Italy,ClosHigh,1,3/10/2020,6/10/2020
,Italy,ClosHighPartial,1,3/4/2020,3/9/2020
,Italy,ClosHighPartial,3,6/11/2020,9/14/2020
,Italy,ClosPrim,1,3/11/2020,9/14/2020
,Italy,ClosPrimPartial,1,3/4/2020,3/10/2020
,Italy,ClosPubAnyPartial,1,3/10/2020,NA
,Italy,ClosSec,1,3/4/2020,6/16/2020
,Italy,ClosSec,3,7/5/2020,9/14/2020
,Italy,ClosSecPartial,1,6/17/2020,7/4/2020
,Italy,EntertainmentVenues,1,3/10/2020,5/17/2020
,Italy,EntertainmentVenuesPartial,1,5/18/2020,6/15/2020
,Italy,GymsSportsCentres,1,3/10/2020,5/24/2020
,Italy,GymsSportsCentresPartial,1,5/25/2020,NA
,Italy,IndoorOver100,1,6/12/2020,8/6/2020
,Italy,IndoorOver500,1,8/7/2020,NA
,Italy,MasksMandatoryAllSpaces,1,4/26/2020,7/14/2020
,Italy,MasksMandatoryAllSpaces,3,8/16/2020,9/30/2020
,Italy,MasksMandatoryAllSpacesPartial,1,7/15/2020,8/15/2020
,Italy,MasksMandatoryClosedSpaces,1,4/14/2020,NA
,Italy,MassGatherAllPartial,1,6/12/2020,NA
,Italy,NonEssentialShops,1,3/10/2020,4/13/2020
,Italy,NonEssentialShopsPartial,1,4/14/2020,5/18/2020
,Italy,OutdoorOver1000,1,8/7/2020,NA
,Italy,OutdoorOver500,1,6/12/2020,8/6/2020
,Italy,PlaceOfWorship,1,3/10/2020,6/15/2020
,Italy,RestaurantsCafesPartial,1,3/10/2020,5/18/2020
,Italy,StayHomeOrder,1,3/10/2020,5/4/2020
,Italy,StayHomeRiskG,1,3/4/2020,NA
,Italy,Teleworking,1,3/12/2020,NA
,Latvia,ClosDaycarePartial,1,3/17/2020,6/10/2020
,Latvia,ClosHigh,1,3/17/2020,8/31/2020
,Latvia,ClosPrim,1,3/17/2020,8/31/2020
,Latvia,ClosPubAny,1,3/17/2020,5/11/2020
,Latvia,ClosPubAnyPartial,1,5/12/2020,6/10/2020
,Latvia,ClosPubAnyPartial,3,7/11/2020,NA
,Latvia,ClosSecPartial,1,3/17/2020,5/7/2020
,Latvia,EntertainmentVenues,1,3/17/2020,5/11/2020
,Latvia,EntertainmentVenuesPartial,1,5/12/2020,6/10/2020
,Latvia,GymsSportsCentres,1,3/17/2020,5/11/2020
,Latvia,GymsSportsCentresPartial,1,5/12/2020,6/10/2020
,Latvia,IndoorOver100,1,6/11/2020,7/31/2020
,Latvia,IndoorOver1000,1,8/17/2020,NA
,Latvia,IndoorOver50,1,3/17/2020,6/10/2020
,Latvia,IndoorOver500,1,8/1/2020,8/16/2020
,Latvia,MasksMandatoryAllSpacesPartial,1,3/17/2020,6/30/2020
,Latvia,MasksMandatoryClosedSpaces,1,10/7/2020,NA
,Latvia,MasksMandatoryClosedSpacesPartial,1,5/12/2020,6/30/2020
,Latvia,MasksVoluntaryAllSpacesPartial,1,4/20/2020,6/30/2020
,Latvia,MassGatherAll,1,3/17/2020,6/30/2020
,Latvia,MassGatherAll,3,8/1/2020,NA
,Latvia,MassGatherAllPartial,1,7/1/2020,7/31/2020
,Latvia,OutdoorOver100,1,5/12/2020,6/10/2020
,Latvia,OutdoorOver1000,1,7/1/2020,NA
,Latvia,OutdoorOver500,1,6/11/2020,6/30/2020
,Latvia,PlaceOfWorship,1,3/17/2020,5/11/2020
,Latvia,PlaceOfWorshipPartial,1,5/12/2020,6/10/2020
,Latvia,RestaurantsCafesPartial,1,7/11/2020,NA
,Latvia,StayHomeGen,1,3/17/2020,5/11/2020
,Latvia,StayHomeGenPartial,1,5/12/2020,6/10/2020
,Latvia,Teleworking,1,3/17/2020,NA
,Liechtenstein,ClosDaycare,1,3/16/2020,5/11/2020
,Liechtenstein,ClosHigh,1,3/16/2020,6/8/2020
,Liechtenstein,ClosPrim,1,3/16/2020,6/8/2020
,Liechtenstein,ClosPubAnyPartial,1,3/12/2020,6/6/2020
,Liechtenstein,ClosSec,1,3/16/2020,6/8/2020
,Liechtenstein,EntertainmentVenues,1,3/17/2020,6/6/2020
,Liechtenstein,GymsSportsCentresPartial,1,3/12/2020,6/6/2020
,Liechtenstein,IndoorOver100,1,3/13/2020,3/15/2020
,Liechtenstein,IndoorOver100,3,3/20/2020,7/3/2020
,Liechtenstein,IndoorOver1000,1,2/28/2020,3/12/2020
,Liechtenstein,IndoorOver1000,3,7/4/2020,9/30/2020
,Liechtenstein,IndoorOver5,1,3/16/2020,3/19/2020
,Liechtenstein,MasksMandatoryClosedSpacesPartial,1,7/6/2020,NA
,Liechtenstein,MasksVoluntaryClosedSpaces,1,5/13/2020,7/5/2020
,Liechtenstein,MassGatherAll,1,2/28/2020,9/30/2020
,Liechtenstein,NonEssentialShops,1,3/17/2020,4/27/2020
,Liechtenstein,OutdoorOver100,1,3/13/2020,3/15/2020
,Liechtenstein,OutdoorOver100,3,5/21/2020,7/3/2020
,Liechtenstein,OutdoorOver1000,1,2/28/2020,3/12/2020
,Liechtenstein,OutdoorOver5,1,3/16/2020,5/20/2020
,Liechtenstein,RestaurantsCafes,1,3/17/2020,5/15/2020
,Liechtenstein,StayHomeGen,1,3/21/2020,5/18/2020
,Liechtenstein,StayHomeRiskG,1,3/16/2020,NA
,Lithuania,ClosDaycare,1,3/16/2020,4/26/2020
,Lithuania,ClosDaycarePartial,1,4/27/2020,5/27/2020
,Lithuania,ClosHigh,1,3/16/2020,5/24/2020
,Lithuania,ClosHighPartial,1,5/25/2020,6/30/2020
,Lithuania,ClosPrim,1,3/16/2020,5/24/2020
,Lithuania,ClosPrimPartial,1,5/25/2020,6/23/2020
,Lithuania,ClosPubAnyPartial,1,3/16/2020,NA
,Lithuania,ClosSec,1,3/16/2020,5/31/2020
,Lithuania,ClosSecPartial,1,6/1/2020,6/16/2020
,Lithuania,EntertainmentVenues,1,3/16/2020,4/26/2020
,Lithuania,EntertainmentVenuesPartial,1,4/27/2020,7/17/2020
,Lithuania,GymsSportsCentresPartial,1,3/16/2020,6/16/2020
,Lithuania,IndoorOver100,1,6/1/2020,6/15/2020
,Lithuania,IndoorOver1000,1,8/16/2020,8/31/2020
,Lithuania,IndoorOver5,1,3/12/2020,5/31/2020
,Lithuania,IndoorOver500,1,6/17/2020,7/31/2020
,Lithuania,MasksMandatoryAllSpacesPartial,1,4/30/2020,6/16/2020
,Lithuania,MasksMandatoryClosedSpaces,1,4/10/2020,5/13/2020
,Lithuania,MasksMandatoryClosedSpacesPartial,1,8/1/2020,NA
,Lithuania,MasksVoluntaryAllSpaces,1,3/23/2020,4/9/2020
,Lithuania,MasksVoluntaryAllSpaces,3,6/16/2020,NA
,Lithuania,MassGatherAll,1,3/12/2020,3/18/2020
,Lithuania,MassGatherAll,3,7/1/2020,8/15/2020
,Lithuania,MassGatherAllPartial,1,3/19/2020,6/30/2020
,Lithuania,MassGatherAllPartial,3,8/16/2020,8/31/2020
,Lithuania,NonEssentialShops,1,3/16/2020,4/22/2020
,Lithuania,NonEssentialShopsPartial,1,4/23/2020,NA
,Lithuania,OutdoorOver1000,1,6/17/2020,8/31/2020
,Lithuania,OutdoorOver5,1,3/19/2020,6/8/2020
,Lithuania,OutdoorOver50,1,6/9/2020,6/16/2020
,Lithuania,PlaceOfWorship,1,3/16/2020,4/26/2020
,Lithuania,PlaceOfWorshipPartial,1,4/27/2020,6/16/2020
,Lithuania,RestaurantsCafes,1,3/16/2020,5/3/2020
,Lithuania,RestaurantsCafesPartial,1,5/4/2020,6/16/2020
,Lithuania,StayHomeGen,1,3/16/2020,6/16/2020
,Lithuania,Teleworking,1,3/10/2020,6/15/2020
,Lithuania,TeleworkingPartial,1,6/16/2020,NA
,Luxembourg,ClosDaycare,1,3/16/2020,5/24/2020
,Luxembourg,ClosHigh,1,3/16/2020,5/24/2020
,Luxembourg,ClosPrim,1,3/16/2020,5/24/2020
,Luxembourg,ClosPubAnyPartial,1,3/16/2020,NA
,Luxembourg,ClosSec,1,3/16/2020,5/4/2020
,Luxembourg,ClosSecPartial,1,5/5/2020,5/26/2020
,Luxembourg,ClosureOfPublicTransportPartial,1,3/16/2020,6/8/2020
,Luxembourg,EntertainmentVenues,1,3/16/2020,5/10/2020
,Luxembourg,EntertainmentVenuesPartial,1,5/11/2020,NA
,Luxembourg,GymsSportsCentres,1,3/16/2020,5/29/2020
,Luxembourg,IndoorOver1000,1,3/9/2020,3/15/2020
,Luxembourg,IndoorOver5,1,3/16/2020,5/11/2020
,Luxembourg,IndoorOver50,1,5/12/2020,NA
,Luxembourg,MasksMandatoryAllSpaces,1,3/18/2020,4/19/2020
,Luxembourg,MasksMandatoryAllSpacesPartial,1,6/22/2020,NA
,Luxembourg,MasksMandatoryClosedSpacesPartial,1,4/20/2020,NA
,Luxembourg,MassGatherAll,1,3/9/2020,3/15/2020
,Luxembourg,MassGatherAllPartial,1,3/16/2020,NA
,Luxembourg,NonEssentialShops,1,3/16/2020,4/19/2020
,Luxembourg,NonEssentialShopsPartial,1,4/20/2020,5/11/2020
,Luxembourg,OutdoorOver5,1,3/16/2020,5/11/2020
,Luxembourg,OutdoorOver500,1,5/12/2020,7/31/2020
,Luxembourg,RestaurantsCafes,1,3/16/2020,5/29/2020
,Luxembourg,RestaurantsCafesPartial,1,5/30/2020,NA
,Luxembourg,StayHomeOrder,1,3/18/2020,4/19/2020
,Luxembourg,StayHomeOrderPartial,1,4/20/2020,5/11/2020
,Luxembourg,StayHomeRiskG,1,3/12/2020,NA
,Luxembourg,Teleworking,1,3/13/2020,NA
,Malta,ClosDaycare,1,3/13/2020,NA
,Malta,ClosHigh,1,3/13/2020,6/30/2020
,Malta,ClosPrim,1,3/13/2020,6/30/2020
,Malta,ClosPubAny,1,3/18/2020,5/21/2020
,Malta,ClosPubAnyPartial,1,5/22/2020,NA
,Malta,ClosSec,1,3/13/2020,6/30/2020
,Malta,EntertainmentVenues,1,3/18/2020,5/21/2020
,Malta,EntertainmentVenues,3,8/17/2020,NA
,Malta,GymsSportsCentres,1,3/18/2020,6/2/2020
,Malta,GymsSportsCentresPartial,1,6/3/2020,NA
,Malta,IndoorOver5,1,3/13/2020,NA
,Malta,MasksMandatoryClosedSpaces,1,5/22/2020,NA
,Malta,MassGatherAll,1,3/13/2020,NA
,Malta,NonEssentialShops,1,3/23/2020,5/21/2020
,Malta,NonEssentialShopsPartial,1,5/22/2020,NA
,Malta,OutdoorOver5,1,3/13/2020,NA
,Malta,RestaurantsCafes,1,3/18/2020,5/21/2020
,Malta,RestaurantsCafesPartial,1,5/22/2020,NA
,Malta,StayHomeRiskG,1,3/28/2020,NA
,Malta,Teleworking,1,5/8/2020,NA
,Netherlands,AdaptationOfWorkplace,1,5/11/2020,NA
,Netherlands,ClosDaycare,1,3/16/2020,5/10/2020
,Netherlands,ClosDaycarePartial,1,5/11/2020,6/8/2020
,Netherlands,ClosHigh,1,3/12/2020,6/14/2020
,Netherlands,ClosHighPartial,1,6/15/2020,9/1/2020
,Netherlands,ClosPrim,1,3/16/2020,5/10/2020
,Netherlands,ClosPrimPartial,1,5/11/2020,6/8/2020
,Netherlands,ClosPubAnyPartial,1,3/12/2020,NA
,Netherlands,ClosSec,1,3/16/2020,6/1/2020
,Netherlands,ClosSecPartial,1,6/2/2020,6/30/2020
,Netherlands,ClosureOfPublicTransportPartial,1,3/12/2020,5/31/2020
,Netherlands,EntertainmentVenues,1,3/12/2020,3/23/2020
,Netherlands,EntertainmentVenuesPartial,1,3/24/2020,NA
,Netherlands,GymsSportsCentres,1,3/16/2020,4/28/2020
,Netherlands,GymsSportsCentresPartial,1,4/29/2020,6/30/2020
,Netherlands,IndoorOver100,1,3/12/2020,3/22/2020
,Netherlands,IndoorOver100,3,7/1/2020,9/28/2020
,Netherlands,IndoorOver5,1,3/23/2020,6/1/2020
,Netherlands,IndoorOver50,1,6/2/2020,6/30/2020
,Netherlands,IndoorOver50,3,9/29/2020,NA
,Netherlands,MasksMandatoryClosedSpaces,1,6/1/2020,NA
,Netherlands,MasksVoluntaryClosedSpaces,1,9/30/2020,NA
,Netherlands,MassGatherAll,1,3/12/2020,6/30/2020
,Netherlands,MassGatherAll,3,9/29/2020,NA
,Netherlands,MassGatherAllPartial,1,7/1/2020,9/28/2020
,Netherlands,OutdoorOver100,1,3/12/2020,3/22/2020
,Netherlands,OutdoorOver5,1,3/23/2020,6/1/2020
,Netherlands,OutdoorOver50,1,9/29/2020,NA
,Netherlands,OutdoorOver500,1,7/1/2020,9/28/2020
,Netherlands,PlaceOfWorship,1,3/16/2020,5/31/2020
,Netherlands,PlaceOfWorshipPartial,1,6/1/2020,6/30/2020
,Netherlands,RestaurantsCafes,1,3/15/2020,5/31/2020
,Netherlands,RestaurantsCafesPartial,1,6/1/2020,6/30/2020
,Netherlands,RestaurantsCafesPartial,3,9/29/2020,NA
,Netherlands,StayHomeGen,1,3/16/2020,5/10/2020
,Netherlands,StayHomeGenPartial,1,5/11/2020,6/1/2020
,Netherlands,StayHomeRiskG,1,3/13/2020,6/26/2020
,Netherlands,Teleworking,1,3/12/2020,NA
,Netherlands,WorkplaceClosures,1,3/23/2020,5/10/2020
,Norway,ClosDaycare,1,3/12/2020,4/20/2020
,Norway,ClosHigh,1,3/12/2020,6/15/2020
,Norway,ClosPrim,1,3/12/2020,4/27/2020
,Norway,ClosPubAnyPartial,1,3/12/2020,NA
,Norway,ClosSec,1,3/12/2020,5/11/2020
,Norway,EntertainmentVenues,1,3/12/2020,5/31/2020
,Norway,EntertainmentVenuesPartial,1,6/1/2020,6/15/2020
,Norway,GymsSportsCentres,1,3/12/2020,6/15/2020
,Norway,IndoorOver5,1,3/12/2020,5/6/2020
,Norway,IndoorOver50,1,5/7/2020,6/14/2020
,Norway,IndoorOver500,1,6/15/2020,NA
,Norway,MasksMandatoryClosedSpacesPartial,1,8/14/2020,NA
,Norway,MassGatherAll,1,3/12/2020,6/14/2020
,Norway,MassGatherAllPartial,1,6/15/2020,NA
,Norway,OutdoorOver5,1,3/12/2020,5/6/2020
,Norway,OutdoorOver50,1,5/7/2020,6/14/2020
,Norway,OutdoorOver500,1,6/15/2020,NA
,Norway,RestaurantsCafesPartial,1,3/12/2020,NA
,Norway,SocialCircle,1,6/2/2020,NA
,Norway,StayHomeRiskG,1,3/12/2020,6/1/2020
,Norway,Teleworking,1,3/10/2020,NA
,Poland,AdaptationOfWorkplace,1,4/2/2020,NA
,Poland,ClosDaycare,1,3/12/2020,5/6/2020
,Poland,ClosHigh,1,3/12/2020,5/24/2020
,Poland,ClosHighPartial,1,5/25/2020,8/31/2020
,Poland,ClosPrim,1,3/12/2020,5/24/2020
,Poland,ClosPrimPartial,1,5/25/2020,8/31/2020
,Poland,ClosPubAny,1,3/14/2020,3/31/2020
,Poland,ClosPubAnyPartial,1,4/1/2020,NA
,Poland,ClosSec,1,3/12/2020,5/24/2020
,Poland,ClosSecPartial,1,5/25/2020,8/31/2020
,Poland,ClosureOfPublicTransportPartial,1,4/1/2020,NA
,Poland,EntertainmentVenues,1,3/14/2020,6/6/2020
,Poland,EntertainmentVenuesPartial,1,6/7/2020,NA
,Poland,GymsSportsCentres,1,3/14/2020,6/4/2020
,Poland,GymsSportsCentresPartial,1,6/5/2020,NA
,Poland,HotelsOtherAccommodation,1,3/14/2020,5/4/2020
,Poland,IndoorOver100,1,8/6/2020,NA
,Poland,IndoorOver1000,1,6/18/2020,8/5/2020
,Poland,IndoorOver5,1,4/2/2020,5/3/2020
,Poland,IndoorOver50,1,3/14/2020,4/1/2020
,Poland,IndoorOver500,1,3/10/2020,3/13/2020
,Poland,MasksMandatoryAllSpaces,1,4/16/2020,5/29/2020
,Poland,MasksMandatoryAllSpacesPartial,1,5/30/2020,NA
,Poland,MasksMandatoryClosedSpacesPartial,1,5/30/2020,NA
,Poland,MassGatherAll,1,3/10/2020,6/17/2020
,Poland,MassGatherAllPartial,1,6/18/2020,NA
,Poland,NonEssentialShops,1,3/14/2020,5/3/2020
,Poland,NonEssentialShopsPartial,1,5/4/2020,5/30/2020
,Poland,OutdoorOver100,1,5/30/2020,7/16/2020
,Poland,OutdoorOver100,3,8/6/2020,NA
,Poland,OutdoorOver1000,1,3/10/2020,3/13/2020
,Poland,OutdoorOver1000,3,7/17/2020,8/5/2020
,Poland,OutdoorOver5,1,4/2/2020,5/29/2020
,Poland,OutdoorOver50,1,3/14/2020,4/1/2020
,Poland,PlaceOfWorshipPartial,1,4/19/2020,5/30/2020
,Poland,RestaurantsCafes,1,3/14/2020,5/17/2020
,Poland,RestaurantsCafesPartial,1,5/18/2020,5/29/2020
,Poland,StayHomeGen,1,4/20/2020,5/4/2020
,Poland,StayHomeOrder,1,3/24/2020,4/19/2020
,Poland,StayHomeRiskG,1,3/8/2020,NA
,Poland,Teleworking,1,3/8/2020,NA
,Portugal,ClosDaycare,1,3/16/2020,5/17/2020
,Portugal,ClosDaycarePartial,1,5/18/2020,5/31/2020
,Portugal,ClosHigh,1,3/16/2020,5/17/2020
,Portugal,ClosHighPartial,1,5/18/2020,9/7/2020
,Portugal,ClosPrim,1,3/16/2020,9/14/2020
,Portugal,ClosPubAny,1,3/13/2020,3/17/2020
,Portugal,ClosPubAnyPartial,1,3/18/2020,NA
,Portugal,ClosSec,1,3/16/2020,5/17/2020
,Portugal,ClosSecPartial,1,5/18/2020,9/14/2020
,Portugal,ClosureOfPublicTransportPartial,1,3/18/2020,NA
,Portugal,EntertainmentVenues,1,3/13/2020,5/17/2020
,Portugal,EntertainmentVenuesPartial,1,5/18/2020,NA
,Portugal,GymsSportsCentres,1,3/15/2020,5/3/2020
,Portugal,GymsSportsCentresPartial,1,5/4/2020,NA
,Portugal,IndoorOver100,1,3/15/2020,5/2/2020
,Portugal,IndoorOver50,1,5/3/2020,NA
,Portugal,MasksMandatoryClosedSpaces,1,5/4/2020,NA
,Portugal,MassGatherAll,1,3/15/2020,NA
,Portugal,NonEssentialShops,1,3/15/2020,5/3/2020
,Portugal,NonEssentialShopsPartial,1,5/4/2020,NA
,Portugal,OutdoorOver100,1,3/15/2020,5/2/2020
,Portugal,OutdoorOver50,1,5/3/2020,NA
,Portugal,PlaceOfWorship,1,3/13/2020,5/30/2020
,Portugal,RestaurantsCafes,1,3/15/2020,5/17/2020
,Portugal,RestaurantsCafesPartial,1,5/18/2020,NA
,Portugal,StayHomeGen,1,3/19/2020,5/2/2020
,Portugal,StayHomeRiskG,1,3/18/2020,NA
,Portugal,Teleworking,1,3/16/2020,5/31/2020
,Portugal,TeleworkingPartial,1,6/1/2020,NA
,Romania,AdaptationOfWorkplace,1,3/16/2020,NA
,Romania,ClosDaycare,1,3/16/2020,6/14/2020
,Romania,ClosDaycarePartial,1,6/15/2020,9/14/2020
,Romania,ClosHigh,1,3/16/2020,6/14/2020
,Romania,ClosHighPartial,1,8/31/2020,NA
,Romania,ClosPrim,1,3/16/2020,6/14/2020
,Romania,ClosPrimPartial,1,6/15/2020,9/14/2020
,Romania,ClosPubAny,1,3/18/2020,5/13/2020
,Romania,ClosPubAnyPartial,1,5/14/2020,NA
,Romania,ClosSec,1,3/16/2020,6/1/2020
,Romania,ClosSecPartial,1,6/2/2020,9/14/2020
,Romania,EntertainmentVenues,1,3/18/2020,5/13/2020
,Romania,EntertainmentVenuesPartial,1,5/14/2020,NA
,Romania,GymsSportsCentres,1,3/18/2020,5/30/2020
,Romania,GymsSportsCentresPartial,1,5/31/2020,6/14/2020
,Romania,HotelsOtherAccommodation,1,3/18/2020,5/15/2020
,Romania,IndoorOver5,1,3/22/2020,5/31/2020
,Romania,IndoorOver50,1,9/1/2020,NA
,Romania,MasksMandatoryClosedSpaces,1,5/15/2020,NA
,Romania,MassGatherAll,1,3/18/2020,5/30/2020
,Romania,MassGatherAllPartial,1,5/31/2020,NA
,Romania,NonEssentialShops,1,3/22/2020,5/13/2020
,Romania,NonEssentialShopsPartial,1,5/14/2020,6/14/2020
,Romania,OutdoorOver100,1,3/18/2020,3/21/2020
,Romania,OutdoorOver100,3,6/15/2020,NA
,Romania,OutdoorOver5,1,3/22/2020,6/14/2020
,Romania,PlaceOfWorship,1,3/18/2020,5/14/2020
,Romania,PlaceOfWorshipPartial,1,5/15/2020,NA
,Romania,RestaurantsCafes,1,3/18/2020,6/14/2020
,Romania,RestaurantsCafesPartial,1,6/15/2020,NA
,Romania,StayHomeOrder,1,3/22/2020,5/13/2020
,Romania,StayHomeOrderPartial,1,5/14/2020,5/31/2020
,Romania,StayHomeRiskG,1,3/25/2020,5/14/2020
,Romania,Teleworking,1,3/16/2020,5/14/2020
,Romania,TeleworkingPartial,1,5/15/2020,NA
,Slovakia,ClosDaycare,1,3/16/2020,6/1/2020
,Slovakia,ClosHigh,1,3/12/2020,6/9/2020
,Slovakia,ClosHighPartial,1,6/10/2020,NA
,Slovakia,ClosPrim,1,3/12/2020,6/1/2020
,Slovakia,ClosPubAny,1,3/16/2020,5/20/2020
,Slovakia,ClosPubAny,3,10/1/2020,NA
,Slovakia,ClosSec,1,3/12/2020,6/1/2020
,Slovakia,EntertainmentVenues,1,3/16/2020,5/20/2020
,Slovakia,GymsSportsCentres,1,3/16/2020,5/20/2020
,Slovakia,IndoorOver100,1,5/28/2020,6/10/2020
,Slovakia,IndoorOver50,1,3/9/2020,5/27/2020
,Slovakia,IndoorOver50,3,10/1/2020,NA
,Slovakia,IndoorOver500,1,9/1/2020,9/30/2020
,Slovakia,MasksMandatoryAllSpaces,1,3/12/2020,4/20/2020
,Slovakia,MasksMandatoryAllSpaces,3,10/1/2020,NA
,Slovakia,MasksMandatoryAllSpacesPartial,1,4/21/2020,6/30/2020
,Slovakia,MasksMandatoryClosedSpaces,1,7/1/2020,NA
,Slovakia,MasksVoluntaryAllSpaces,1,7/1/2020,9/30/2020
,Slovakia,MassGatherAll,1,3/9/2020,6/10/2020
,Slovakia,MassGatherAll,3,9/1/2020,NA
,Slovakia,OutdoorOver100,1,5/28/2020,6/10/2020
,Slovakia,OutdoorOver1000,1,9/1/2020,9/30/2020
,Slovakia,OutdoorOver50,1,3/9/2020,5/27/2020
,Slovakia,OutdoorOver50,3,10/1/2020,NA
,Slovakia,RestaurantsCafes,1,3/16/2020,5/20/2020
,Slovakia,RestaurantsCafes,3,10/1/2020,NA
,Slovenia,ClosDaycare,1,3/12/2020,5/17/2020
,Slovenia,ClosHigh,1,3/12/2020,5/29/2020
,Slovenia,ClosPrim,1,3/12/2020,5/17/2020
,Slovenia,ClosPrimPartial,1,5/18/2020,6/1/2020
,Slovenia,ClosPubAny,1,3/14/2020,4/28/2020
,Slovenia,ClosPubAnyPartial,1,4/29/2020,NA
,Slovenia,ClosSec,1,3/12/2020,5/31/2020
,Slovenia,ClosSecPartial,1,6/1/2020,6/23/2020
,Slovenia,ClosureOfPublicTransport,1,3/14/2020,5/4/2020
,Slovenia,EntertainmentVenues,1,3/15/2020,4/28/2020
,Slovenia,EntertainmentVenuesPartial,1,4/29/2020,NA
,Slovenia,GymsSportsCentres,1,3/15/2020,5/17/2020
,Slovenia,GymsSportsCentresPartial,1,5/18/2020,6/1/2020
,Slovenia,IndoorOver100,1,3/10/2020,5/31/2020
,Slovenia,IndoorOver50,1,6/15/2020,7/8/2020
,Slovenia,IndoorOver500,1,3/7/2020,3/9/2020
,Slovenia,IndoorOver500,3,6/1/2020,6/14/2020
,Slovenia,MasksMandatoryAllSpaces,1,3/30/2020,6/1/2020
,Slovenia,MasksMandatoryClosedSpaces,1,6/25/2020,NA
,Slovenia,MasksMandatoryClosedSpacesPartial,1,6/1/2020,6/24/2020
,Slovenia,MassGatherAll,1,3/7/2020,7/8/2020
,Slovenia,NonEssentialShops,1,3/15/2020,4/20/2020
,Slovenia,OutdoorOver5,1,3/19/2020,5/17/2020
,Slovenia,OutdoorOver50,1,5/18/2020,5/31/2020
,Slovenia,OutdoorOver500,1,3/10/2020,3/18/2020
,Slovenia,OutdoorOver500,3,6/1/2020,6/14/2020
,Slovenia,RestaurantsCafes,1,3/15/2020,5/3/2020
,Slovenia,RestaurantsCafesPartial,1,5/4/2020,5/18/2020
,Slovenia,StayHomeOrder,1,3/19/2020,5/4/2020
,Slovenia,Teleworking,1,3/4/2020,NA
,Slovenia,WorkplaceClosures,1,3/15/2020,5/4/2020
,Spain,AdaptationOfWorkplace,1,4/11/2020,NA
,Spain,ClosDaycare,1,3/12/2020,8/27/2020
,Spain,ClosHigh,1,3/12/2020,8/27/2020
,Spain,ClosPrim,1,3/12/2020,8/27/2020
,Spain,ClosPubAny,1,3/14/2020,5/3/2020
,Spain,ClosPubAnyPartial,1,5/4/2020,NA
,Spain,ClosSec,1,3/12/2020,8/27/2020
,Spain,EntertainmentVenues,1,3/14/2020,5/10/2020
,Spain,EntertainmentVenuesPartial,1,5/11/2020,NA
,Spain,GymsSportsCentres,1,3/14/2020,5/3/2020
,Spain,GymsSportsCentresPartial,1,5/4/2020,NA
,Spain,HotelsOtherAccommodation,1,3/14/2020,5/31/2020
,Spain,HotelsOtherAccommodationPartial,1,6/1/2020,NA
,Spain,IndoorOver5,1,3/14/2020,6/1/2020
,Spain,IndoorOver50,1,6/2/2020,NA
,Spain,MasksMandatoryAllSpaces,1,8/4/2020,NA
,Spain,MasksMandatoryClosedSpaces,1,5/4/2020,5/21/2020
,Spain,MasksVoluntaryClosedSpaces,1,3/13/2020,5/3/2020
,Spain,MassGatherAll,1,3/14/2020,NA
,Spain,NonEssentialShopsPartial,1,10/1/2020,NA
,Spain,OutdoorOver5,1,3/14/2020,6/1/2020
,Spain,OutdoorOver50,1,6/2/2020,NA
,Spain,PlaceOfWorshipPartial,1,10/1/2020,NA
,Spain,RestaurantsCafes,1,3/14/2020,5/3/2020
,Spain,RestaurantsCafesPartial,1,5/4/2020,NA
,Spain,SocialCircle,1,8/27/2020,NA
,Spain,StayHomeGen,1,3/9/2020,3/13/2020
,Spain,StayHomeOrder,1,3/14/2020,5/3/2020
,Spain,StayHomeOrderPartial,1,5/4/2020,5/11/2020
,Spain,StayHomeRiskG,1,3/12/2020,NA
,Spain,Teleworking,1,3/9/2020,4/12/2020
,Spain,TeleworkingPartial,1,4/13/2020,NA
,Sweden,AdaptationOfWorkplace,1,7/8/2020,NA
,Sweden,AdaptationOfWorkplacePartial,1,3/25/2020,7/7/2020
,Sweden,ClosHigh,1,3/18/2020,6/15/2020
,Sweden,ClosPubAny,1,7/1/2020,NA
,Sweden,ClosSec,1,3/18/2020,6/15/2020
,Sweden,IndoorOver50,1,3/28/2020,NA
,Sweden,IndoorOver500,1,3/12/2020,3/27/2020
,Sweden,MassGatherAll,1,3/12/2020,NA
,Sweden,OutdoorOver50,1,3/29/2020,NA
,Sweden,OutdoorOver500,1,3/12/2020,3/28/2020
,Sweden,RestaurantsCafes,1,7/1/2020,NA
,Sweden,StayHomeGen,1,3/10/2020,NA
,Sweden,StayHomeRiskG,1,4/1/2020,NA
,Sweden,Teleworking,1,3/16/2020,NA
,United Kingdom,ClosDaycare,1,3/23/2020,5/31/2020
,United Kingdom,ClosDaycarePartial,1,6/1/2020,9/1/2020
,United Kingdom,ClosPrim,1,3/23/2020,5/31/2020
,United Kingdom,ClosPrimPartial,1,6/1/2020,9/1/2020
,United Kingdom,ClosPubAny,1,3/16/2020,5/9/2020
,United Kingdom,ClosPubAnyPartial,1,5/10/2020,NA
,United Kingdom,ClosSec,1,3/23/2020,6/14/2020
,United Kingdom,ClosSecPartial,1,6/15/2020,9/1/2020
,United Kingdom,EntertainmentVenues,1,3/16/2020,7/2/2020
,United Kingdom,EntertainmentVenuesPartial,1,7/3/2020,NA
,United Kingdom,GymsSportsCentres,1,3/20/2020,5/12/2020
,United Kingdom,GymsSportsCentresPartial,1,5/13/2020,7/9/2020
,United Kingdom,HotelsOtherAccommodation,1,3/24/2020,7/2/2020
,United Kingdom,IndoorOver5,1,3/24/2020,7/3/2020
,United Kingdom,IndoorOver5,3,9/14/2020,NA
,United Kingdom,IndoorOver50,1,7/4/2020,9/13/2020
,United Kingdom,MasksMandatoryClosedSpaces,1,7/27/2020,NA
,United Kingdom,MasksVoluntaryClosedSpaces,1,6/9/2020,7/26/2020
,United Kingdom,MassGatherAll,1,3/24/2020,NA
,United Kingdom,NonEssentialShops,1,3/23/2020,5/9/2020
,United Kingdom,NonEssentialShopsPartial,1,5/10/2020,6/12/2020
,United Kingdom,OutdoorOver5,1,3/24/2020,5/27/2020
,United Kingdom,OutdoorOver5,3,9/14/2020,NA
,United Kingdom,OutdoorOver50,1,5/28/2020,9/13/2020
,United Kingdom,PlaceOfWorship,1,3/24/2020,5/18/2020
,United Kingdom,RestaurantsCafes,1,3/16/2020,7/2/2020
,United Kingdom,RestaurantsCafesPartial,1,9/24/2020,NA
,United Kingdom,SocialCircle,1,9/9/2020,NA
,United Kingdom,StayHomeGen,1,3/16/2020,3/23/2020
,United Kingdom,StayHomeOrder,1,3/24/2020,5/9/2020
,United Kingdom,StayHomeOrderPartial,1,5/10/2020,7/4/2020
,United Kingdom,StayHomeRiskG,1,3/16/2020,7/5/2020
,United Kingdom,StayHomeRiskGPartial,1,7/6/2020,8/1/2020
,United Kingdom,Teleworking,1,3/16/2020,5/9/2020
,United Kingdom,TeleworkingPartial,1,5/10/2020,NA
